id,dates,file_name
1,2021-06-03,thresholds.svg
2,2021-06-01,redrag.py
3,2021-06-03,counter.pdf
4,2021-06-06,reinfusion.py
5,2021-06-06,tonoplast.docx
6,2021-06-01,uranian.pptx
7,2021-06-03,discuss.pdf
8,2021-06-06,nontheologically.pdf
9,2021-06-01,skiagrams.py
10,2021-06-04,flavors.py
11,2021-06-05,nonv.pptx
12,2021-06-01,under.pptx
13,2021-06-02,demit.csv
14,2021-06-02,trailings.pptx
15,2021-06-04,asst.py
16,2021-06-03,pseudo.pdf
17,2021-06-03,unguarded.jpeg
18,2021-06-06,suzy.docx
19,2021-06-06,anitsplentic.py
20,2021-06-03,tallies.py